"3-комн. кв., 100 м2, 8 этаж из 8",https://www.house.kg/details/440631261eb7e689685e0-27215591,$ 69 000,"Продается 3 комнатная квартира со свежим  ремонтом по выгодной цене. 99 м2 по 70000,срочно,возможен хороший торг. 0500222267...",https://cdn.house.kg/house/images/8/d/4/8d415ca27e0361245c2c8917c26bcbbb_240x180.jpg
"1-комн. кв., 46 м2, 9 этаж из 9",https://www.house.kg/details/190778661f19c1c485106-67927288,$ 32 800,"Срочно продаю 1 ком кв 9\9,108 серия,46м2,по Магистраль/Душанбинская,ЖК Молодежный квартал,32800$
*от надежного застройщика Делюр
*техпаспорт на рук...",https://cdn.house.kg/house/images/6/a/0/6a05d07373275177e60f9e8e96450d64_240x180.jpg
"2-комн. кв., 44 м2, 3 этаж из 4",https://www.house.kg/details/533563361d8b98e1d9b66-57184695,$ 36 000,,https://cdn.house.kg/house/images/e/7/b/e7becf253d86d959e5d7535904ee1040_240x180.jpg
"4-комн. кв., 164 м2, 4 этаж из 8",https://www.house.kg/details/986023661f04ed00a59e9-96026558,$ 328 000,,https://cdn.house.kg/house/images/e/d/b/edb14a77c14800bc53b6ed2c003fcf30_240x180.jpg
"3-комн. кв., 144 м2, 12 этаж из 13",https://www.house.kg/details/657355661e8e9a79534c1-44750908,$ 105 000,срочно продаю в самом центре 3х комнатную квартиру ПСО. Общая площадь 144м2. 12этаж из 13. Золотой квадрат. Тех паспорт на руках. 730$ за м2. Очень ср...,https://cdn.house.kg/house/images/9/2/9/929a88b7ab16cb471f7a8f63b165facd_240x180.jpg
"1-комн. кв., 44 м2, 13 этаж из 14",https://www.house.kg/details/292853261ead5bf1f0304-62585411,$ 29 350,"продается шикарная  1-комнатная квартира в элитном доме премиум класса ЖК DELUXE от компании ИХЛАС.
дом 14 этажный. Весь фасад выполнен из натуральног...",https://cdn.house.kg/house/images/e/5/3/e53b546f888cfe64b3d2b63eb245b405_240x180.jpg
"Коммерческая недвижимость, 600 м2",https://www.house.kg/details/852042661da9cc4c21805-02850874,$ 300 000,"Агротуристическая ферма ""Кызыл-Таш"" расположена в живописном месте между деревнями Жаркынбаево и Орукту, на северном побережье озера Иссык-Куль. Это м...",https://cdn.house.kg/house/images/7/4/c/74c1f3d9431a4bf14531374a5e385570_240x180.jpg
"2-комн. кв., 59.6 м2, 3 этаж из 10",https://www.house.kg/details/3675859618a86451f21d6-97763446,$ 33 000,,https://cdn.house.kg/house/images/1/a/4/1a4863df783eba8ff08a9cbbdae9a1fc_240x180.jpg
"Дом, 4-комн., 63 м2",https://www.house.kg/details/722974461f2239996be47-52997496,$ 53 000,"Продаю дом!      
Кызыл-Аскер, по ул. Власова  
6,47 соток
62,1 кв.м. 4 жилые комнаты, сан/узел, ванная, кухня, коридор.  
Саман, жженный кирпич. 
196...",https://cdn.house.kg/house/images/2/8/f/28fef8aa256f667f04103d961fa81c8e_240x180.jpg
"3-комн. кв., 103 м2, 10 этаж из 10",https://www.house.kg/details/129805561c95825321769-52859398,$ 62 800,"Очень срочная цена !!!  ПСО 103 м2,Золотой квадрат,  элитка,Застройщик Гок-Таш(Жк  Парк-Сити) , 10/11, 62800$ ,609$ за 1м2(мини торг),т0555088866,0502...",https://cdn.house.kg/house/images/1/f/5/1f535ee54eb502bf90595d72f0b995fe_240x180.jpg
"4-комн. кв., 80 м2, 1 этаж из 5",https://www.house.kg/details/94811261f1a23bf281a6-61211297,$ 66 800,"Очень Срочная Цена! 4- ком.кв. 80 м2, серия, 1/5,Калык Акиева/Сыдыкова(Токтогула),66,8$ т,
*Срочно продается 4 комнатная квартира, индивидуальной пла...",https://cdn.house.kg/house/images/d/5/3/d53a34bb1f906b94864e26e5bbe9f817_240x180.jpg
"Участок, 80 соток",https://www.house.kg/details/72744261ee43772e9d90-43139856,$ 1 200 000,,https://cdn.house.kg/house/images/5/f/f/5fff5b75e9c564fa9b36509a61202907_240x180.jpg
"Участок, 75 соток",https://www.house.kg/details/138982361ee452789c1d2-54919289,$ 250 000,"Зеленая книга на 49 лет. 
Район АУЦА, вокруг элитные коттеджные городки Ницца, Браво, Ала арча 
Выделен под строительство зоны отдыха. Отлично подой...",https://cdn.house.kg/house/images/9/4/0/94061daa8b5037c32571033d0b055003_240x180.jpg
"2-комн. кв., 80 м2, 13 этаж из 13",https://www.house.kg/details/436727261dd34e174e750-49564702,$ 68 000,"Адрес Панфилова 188/2 от, Борсан. Качественный, дорогой ремонт. Техника и мебель остается, установлены кондиционеры.
Все коммуникации центральные.
Рай...",https://cdn.house.kg/house/images/0/d/7/0d7488f378781fa27c1b632316aa19b6_240x180.jpg
"3-комн. кв., 127 м2, 7 этаж из 8",https://www.house.kg/details/506227361e58461246a16-16836286,$ 165 100,"Продаю трёхкомнатную квартиру псо премуиум класса в жилом комплексе Central Park, застройщик Act Building
- Площадь 127м², этаж 7 из 9
- Район ТРЦ А...",https://cdn.house.kg/house/images/7/c/9/7c95db5cc8f196fd883101680eb6120f_240x180.jpg
"1-комн. кв., 40 м2, 6 этаж из 12",https://www.house.kg/details/669369061eec4571fed89-62315043,$ 27 000,"Продаем квартиру в ЖК Green Park. Ihlas. 
6 этаж, 40 кв., все окна смотрят на юг....",https://cdn.house.kg/house/images/a/8/a/a8a18e63dda49c9eb4a3e1dc118e5968_240x180.jpg
"Дом, 5-комн., 140 м2",https://www.house.kg/details/1537904615582f535af80-48850333,$ 120 000,"Продаётся дом в районе Чапаева/Гагарина. 
Участок - 7 соток (дом - 140 кв.м.) 
Отопление - газовое, электрическое, тв.топливо
Канализация - центральна...",https://cdn.house.kg/house/images/c/1/3/c13f02d3df21e7db9ed80f34b97d6fdd_240x180.jpg
"Коммерческая недвижимость, 85 м2",https://www.house.kg/details/70592606162acdb397a58-71424973,$ 85 000,"Продаю помещение 84м по Южной Магистрали первая линия, с отдельным входом, первый этаж. 
0500 333 222

""Жусуп Баласагын"" - это 13 этажный кирпично-...",https://cdn.house.kg/house/images/9/3/e/93e269b196299774a1524f89fd94ea8e_240x180.jpg
"2-комн. кв., 65 м2, 5 этаж из 9",https://www.house.kg/details/94326666162a9ccc7fc02-10282914,$ 27 300,Продаю 2к квартиру 65м2 5 этаж....,https://cdn.house.kg/house/images/4/d/e/4deabbede6e9ec70bb515d201f1ee9a5_240x180.jpg
"Дом, 5-комн., 250 м2",https://www.house.kg/details/330839861eaa7406f31d2-40189755,$ 35 000,"Продаю дом со всеми условиями Бишкек панарама соттик 5 (250м2) трёх уровенный дома 2 этажа.
Дом полностью ремонтировали под себя.
Имеется парковка....",https://cdn.house.kg/house/images/0/0/7/007c5add37f486e4dcf20b1afcbe1c00_240x180.jpg
"4-комн. кв., 140 м2, 4 этаж из 14",https://www.house.kg/details/348663561ea9070155074-10992289,$ 83 300,"Срочная продажа! 4х комнатная квартира (студия) премиум класса в центре города (Элебаева 2), 140м2, по цене 595$/м2 – 83300 $ (цена с котлована по 100...",https://cdn.house.kg/house/images/4/e/6/4e64d22f152b70344bffefea81a2146c_240x180.jpg
"Коммерческая недвижимость, 200 м2",https://www.house.kg/details/507138561d951ccd93a18-59954330,$ 200 000,"с гостиницей остается все оборудование, мебель, посуда, постельные принадлежности и много всего дополнительного для работы - ""заходи и работай без вло...",https://cdn.house.kg/house/images/1/f/c/1fc29569351be8d58b1185521408acf2_240x180.jpg
"Дом, 5-комн., 180 м2",https://www.house.kg/details/6490867619b424b067e55-69709858,$ 180 000,"Продается дом.
По всем вопросам просьба обращаться только по указанному телефону. Тема поднимается автоматически.
Запрашиваемая цена 180 т.дол.
Дом...",https://cdn.house.kg/house/images/4/f/1/4f1b8ef5c313624bd02a9e2ce515409d_240x180.jpg
"3-комн. кв., 80 м2, 2 этаж из 5",https://www.house.kg/details/160587461d44e38516857-20965337,$ 73 000,"Продю очень уютную 3х к. квартиру в Нижнем Джале. Индивидуальная планировка. 2-ой этаж. Зал - 24м2. Кухня - 12 м2. Две застекленнын лоджии 12,50м2, вт...",https://cdn.house.kg/house/images/3/5/0/350ee6542274ec86cb4c69650029cfe9_240x180.jpg
"Дом, 2-комн., 51 м2",https://www.house.kg/details/3990508616bf6afd5b860-16260904,$ 28 000,"Продается не большой дом,в поселке ""Манас"",в сторону аэропорта""Манас"",до города 20 минут,нужен ремонт,две комнаты,кухня,веранда,во дворе выкопан септи...",https://cdn.house.kg/house/images/9/8/5/9853b72eba4591a1b181637da2c8fb19_240x180.jpg
"Дом, 6 и более комнат, 137 м2",https://www.house.kg/details/403342060d95e3f936120-99489507,$ 130 000,"Срочно продаю дом и гостевой дом на одном участке. Общая жилая  площадь 136 м2.  7 комнат. Большой дом 1961 года постройки, маленький 2000года, с мебе...",https://cdn.house.kg/house/images/e/e/0/ee0fe10639bc2deb2e8a7e0f41715b5c_240x180.jpg
"Дом, 4-комн., 60 м2",https://www.house.kg/details/5527948602fbb76d2e718-02417959,$ 13 500,"Срочно продаю дом  г.Каинды. Недалеко от центра.  В доме 4 комнаты +  кухня.  Времянка 2 комнаты.  3 фазы. Просим 13,5 т.$
Все вопросы по телефону 055...",https://cdn.house.kg/house/images/8/a/1/8a154e06c4f58a99eb6032e4e72d1391_240x180.jpg
"2-комн. кв., 73 м2, 6 этаж из 12",https://www.house.kg/details/25644761bdcce718b746-55421579,$ 68 000,Продаю 2 комнатную квартиру Ж.Жолу/Исанова.  Отличный ремонт.  Тех.паспорт на руках.  Все вопросы по телефону 0555220940...,https://cdn.house.kg/house/images/c/5/4/c54f7a057e9319fd960520feefab03fb_240x180.jpg
"5-комн. кв., 202 м2, 4 этаж из 9",https://www.house.kg/details/4952393617a8cfb607718-70469016,$ 165 000,Тихий район в центре города. Дом утепленный ( 9 эт). На площадке две квартиры. Центральное отопление и газовая/эл. плита. Подземный паркинг. Установле...,https://cdn.house.kg/house/images/d/7/2/d72a3119e0c45f64a65aaaf98f987fab_240x180.jpg
"Участок, 10 соток",https://www.house.kg/details/949552160d492d7b07fb5-08711903,$ 75 000,"Срочно продаю участок 10 соток, расположенного в селе Кок Жар, по улице Кыдыкеева, красная книга, участок угловой, ровный квадратной формы 50*22 метро...",https://cdn.house.kg/house/images/e/b/8/eb8c25734a70c4a11170f960bf51fc4a_240x180.jpg
"3-комн. кв., 127 м2, 6 этаж из 10",https://www.house.kg/details/535448461f2a5e624e7e5-24128652,$ 110 000,"Продаётся 3-х комнатная квартира студия.
Адрес: Чингиза Айтматова/Чуй
Площадь 127 м2.Этаж 6/10
Закрытый двор, охрана 24/7
Все центральные коммуникац...",https://cdn.house.kg/house/images/8/a/3/8a31f313b85c249adbe6b2ddd2bf52ef_240x180.jpg
"Дом, 6 и более комнат, 540 м2",https://www.house.kg/details/33478555f43547ec29d68-48498856,$ 270 000,Продаю дом под ПСО по адресу Медерова/Вишневый участок 7 соток. Общая площадь 540 квадратов+100 квадратов мансарда Проект дома в подарок. Рассмотрю ва...,https://cdn.house.kg/house/images/7/2/1/721adeb9f6fe02897ff9192389216d7f_240x180.jpg
"Участок, 3.6 соток",https://www.house.kg/details/124243361f2a58d8c6137-46760642,$ 11 500,"Продается земельный участок  площадью 3.6 сот. (12м*30м). Прошу 11500$ Торг уместен. Имеется Государственный акт, договор купли-продажи....",https://cdn.house.kg/house/images/3/c/a/3ca8fa98785c6eefa4f0298a57de1798_240x180.jpg
"Дом, 4-комн., 78 м2",https://www.house.kg/details/7219491609a026b803c86-99106298,$ 40 000,"Продаю дом в п. Комсомольский (за с. Раздольное, по трассе в а/п ""Манас"", 12 км от Бишкека).

Участок 11 соток, квадратный, правильной формы.
Стены - ...",https://cdn.house.kg/house/images/5/e/9/5e9f7314e2600027039d1902ae11eb1a_240x180.jpg
"Дом, 5-комн., 112 м2",https://www.house.kg/details/475502061f2a579efce02-34232305,$ 55 000,"Продаётся дом в с Сокулук в районе церкви недалеко от трассы. Рядом есть школа, садики, недалеко воскресный рынок. Есть большой сарай для КРС и МРС. н...",https://cdn.house.kg/house/images/e/1/6/e1614cfd4dc3c2e1b119a208e596a37c_240x180.jpg
"2-комн. кв., 96 м2, 8 этаж из 12",https://www.house.kg/details/649814561e04d0bb331d6-56666973,$ 126 000,"Асыл Таш 

2х ком
96м2
продается квартира
Со всеми удобствами 
Чуй Гоголя 
Дордой Плаза 
Дом премиум класса 
Ордо инвест...",https://cdn.house.kg/house/images/3/c/5/3c567146873f353e24667a706e9dc0d5_240x180.jpg
"3-комн. кв., 76 м2, 3 этаж из 3",https://www.house.kg/details/34674605f32021602b8c4-48004701,$ 50 000,"Продаю 3-х к кв с ремонтом.

Кухня большая 3.5 на 4 м

Газгородок по профсоюзной.

 обмен не предлагать

цена - 50000$
 
тел. 0701 14 15 47...",https://cdn.house.kg/house/images/1/b/b/1bbb68fa2f97f0a93e7101456c642ee3_240x180.jpg
"2-комн. кв., 41 м2, 1 этаж из 3",https://www.house.kg/details/760606861af4ce4a94b67-79226306,$ 39 700,"Продаю 2-х к.квартиру в кирпичном теплом доме по адресу: Ш.Руставели/ Ахунбаева. Этаж 1 из 3, не угловая. 
Удобно под бизнес: офис, магазин, салон кра...",https://cdn.house.kg/house/images/0/1/a/01a2f55855891660b37e817122a3aa47_240x180.jpg
"Коммерческая недвижимость, 43 м2",https://www.house.kg/details/713749961f0a06603e102-85264698,$ 62 000,"Продаю нежилое помещение с действующим бизнесом - салон красоты. 1 этаж из 4, кирпичный тёплый дом, не угловая, 2 комнаты, санузел. Полностью оборудов...",https://cdn.house.kg/house/images/2/e/d/2ed5885db418cbd6718cdda95695f6f4_240x180.jpg
"Участок, 5 соток",https://www.house.kg/details/91685966189327f95dc27-32504291,$ 18 000,"Продаю дачный участок на Панораме, не далеко от Администрации. 5 соток, ""красная книга"", техпаспорт и договор КП на руках. На участке имеется дом ПСО ...",https://cdn.house.kg/house/images/e/b/1/eb1e39ae589f77f00245f6e0b6fe7501_240x180.jpg
"Участок, 550 соток",https://www.house.kg/details/403363361ec1ca7667d42-90196208,$ 455 000,"Срочно продаю земельный участок под бизнес площадью 5.5 га по объездной в г. Кант. ""Красная книга"". Рядом логистический центр. Из коммуникаций: водопр...",https://cdn.house.kg/house/images/f/e/a/feaf532d15f952c955b6f3f656789603_240x180.jpg
"2-комн. кв., 41 м2, 4 этаж из 4",https://www.house.kg/details/173631761ef8f7e836411-48479962,$ 27 300,"Продаю 2-х к.квартиру в центре Пишпека, на Л.Толстого, напротив рынка. Хрущевка, 4 этаж из 4, не угловая, кровля шатровая не протекает. Центральные ко...",https://cdn.house.kg/house/images/f/f/c/ffc32fb8d671cc7f3ebe1ad5b3987715_240x180.jpg
"Коммерческая недвижимость, 200 м2",https://www.house.kg/details/583962761e68e695b36b9-31816325,$ 255 000,"Срочно продаю 2-х этажное нежилое помещение в ""Золотом квадрате"", Исанова/Киевская на 1-ой линии. Площадь 200 кв.м., все коммуникации центральные. Пом...",https://cdn.house.kg/house/images/0/7/a/07a6cbf6d1c5371f171c0fa559917a39_240x180.jpg
"Дом, 4-комн., 145 м2",https://www.house.kg/details/232380561ec2ca82a8418-64250967,$ 115 000,"Продаю добротный дом в 1.5 этажей, мансардный, площадь 145 кв.м., земля 5 соток, ""красная книга"". ж/м Ак-Ордо, ул. Ак-Болпон, 2-ая линия от Гагарина. ...",https://cdn.house.kg/house/images/9/1/b/91b76cb3659151fb8a7eaf997f968cdb_240x180.jpg
"2-комн. кв., 43 м2, 1 этаж из 3",https://www.house.kg/details/827072861b4bd27c7c7c7-45107739,$ 32 200,"Продаю к.квартиру по адресу: Ш. Руставели/Ахунбаева. Этаж 1 из 3, не угловая. Дом кирпичный, тёплый. Стены обои, окна деревянные + металлические решет...",https://cdn.house.kg/house/images/7/c/c/7ccc89fc039bdfc755df0de0725036b9_240x180.jpg
"2-комн. кв., 45 м2, 4 этаж из 4",https://www.house.kg/details/886974561e670561ca3d3-08639176,$ 38 900,"Срочно продаю 2-х к.квартиру в 9 мкр., за Народным. Развитая инфраструктура, рядом есть все. 104 серия, 4 этаж из 4, не угловая. Кровля после капремон...",https://cdn.house.kg/house/images/e/5/7/e57df8bf4b9bdc6581aa1788f307a61a_240x180.jpg
"2-комн. кв., 80 м2, 4 этаж из 12",https://www.house.kg/details/839244061f281050e95c7-32325014,$ 86 500,"Продается 2-х комнатная квартира с абсолютно новым ремонтом .
Адрес : Токтоналиева-Сухомлинова  .
СК : ""KG Group"" 
Год постройки : 2015-й год .
Ти...",https://cdn.house.kg/house/images/2/2/6/226668634537700a74ef693d61ac0401_240x180.jpg
"Дом, 6 и более комнат, 600 м2",https://www.house.kg/details/92859561f23e69df6811-31485013,$ 1 500 000,"Продаётся Шикарный 4-х уровневый особняк в шаговой доступности ко всему необходимому ! 
Адрес : Медерова Магнитогорская . 
Год постройки : 2012 год . ...",https://cdn.house.kg/house/images/1/8/e/18e4fce732ded3811ed052ae1be5f51f_240x180.jpg
"Дом, 3-комн., 160 м2",https://www.house.kg/details/685336361ecf108075037-13122429,$ 125 000,"Продается дом в районе Азия Молла ! 
Адрес : Джунусалиева / Алтымышева . 
Участок : 4.7 соток .
Тип строения : Кирпичный . 
Площадь : 88м² + есть ...",https://cdn.house.kg/house/images/1/5/5/1559f975483e871018f6e7776402cf5b_240x180.jpg
"Коммерческая недвижимость, 56 м2",https://www.house.kg/details/460206061ea4dcaad43b8-61627673,$ 98 000,"Продаю Офисное помещение по Первой линии
в Золотом квадрате
ул. Манаса//Токтогула

Офис находится в жилом доме на первом этаже.
Год постройки - 1...",https://cdn.house.kg/house/images/d/0/0/d0052a605d55d4eaeda28e508f84d946_240x180.jpg
"Дом, 4-комн., 145 м2",https://www.house.kg/details/843738761e9207b2b2aa1-31595191,$ 180 000,"Продается дом в с. Орто-сай !
Адрес : Балык Кумара 16 Б .
Год постройки : 2014 г.
Тип строения : Кирпичный ( утеплён пенопластом ) .
Участок : 4 с...",https://cdn.house.kg/house/images/1/1/9/119d2e0fe24da8dd51e64b52f56044b7_240x180.jpg
"4-комн. кв., 125 м2, 11 этаж из 12",https://www.house.kg/details/878432461e7e1148b4870-67636880,$ 89 500,"Продаётся 4х комнатная квартира!!!
Район: Сухе Батора - Магистраль
Застройщик: KG Group
Год постройки: 2018
Тип строения: монолитный
Серия : элит...",https://cdn.house.kg/house/images/5/f/0/5f0abc9d533c47748c9eb79013d99e42_240x180.jpg
"Дом, 6 и более комнат, 530 м2",https://www.house.kg/details/330466761e7dacfa2b660-18350941,$ 900 000,"Продается шикарный дом в VIP городке Ала-Арча 2
Участок-16 соток
Дом кирпичный 2 этажа+ цокольное помещение.
Площадь дома – 530 м²
Год постройки д...",https://cdn.house.kg/house/images/c/4/a/c4af47631065e195311322f010864f7d_240x180.jpg
"Участок, 30 соток",https://www.house.kg/details/208125361e7d84e5aa7d5-14261430,$ 290 000,"Срочно Продается Хороший участок 30 сотых
В районе Алматинка/Магистраль (Билимкана)
Идеально подойдет для постройки клубных домов
Участок правильно...",https://cdn.house.kg/house/images/6/5/b/65b3f45c77776cb3ac241615ed42fc37_240x180.jpg
"Дом, 6 и более комнат, 300 м2",https://www.house.kg/details/429056561791ee358ae74-25198263,$ 370 000,"Продается 2-х уровневый дом Юж. магистраль Мира
ТЦ ""Ала арча""

Дом - Кирпичный
Кол-во этажей - 2
Комнат - 7
Площадь - 300 м2
Площадь участка - 4 соток...",https://cdn.house.kg/house/images/9/4/e/94e436d142f63d1f94eab590e3ac20f2_240x180.jpg
"4-комн. кв., 145 м2, 7 этаж из 10",https://www.house.kg/details/540354061e7d0f310d291-60942915,$ 185 000,"Продается 4-х комнатная квартира в центре города Чуй / Мира  
Площадь – 145м².
Этажность 7 из 10.
Год постройки – 2008 г.
Материал стен - Кирпич....",https://cdn.house.kg/house/images/a/d/e/ade08c8b83d0a5d035866669d01ba1b2_240x180.jpg
"Коммерческая недвижимость, 28 м2",https://www.house.kg/details/608058961e7c6793a7c11-10578105,$ 32 500,"Срочно продаётся Комерческое помещение 
Офис в Бизнес Центр ""SOHO""

в Золотой середине города
ул.Байтик Баатыра(Советская)//Карасаева(Дружба).

...",https://cdn.house.kg/house/images/d/1/8/d184d9b5269da3b63a34ae9aaf81ccbe_240x180.jpg
"Коммерческая недвижимость, 400 м2",https://www.house.kg/details/916023061e7b456a75ea0-44084083,$ 390 000,"Продаю коммерческое помещение в Элитном районе города. Помещение по Первой Линии!!!
Адрес: въезд в VIP городок Ала-Арча 1, рядом с Фрунзе 
Идеально ...",https://cdn.house.kg/house/images/6/4/5/645b7abe3ec9cd2c99afed27481487f1_240x180.jpg
"4-комн. кв., 116 м2, 3 этаж из 7",https://www.house.kg/details/444721961e7b236101a79-41731711,$ 105 000,"Продается 4-х комнатная Совминовская квартира
Расположена в Золотом Квадрате 
Боконбаева // Тыныстанова д64/1

Год построи‌ки: 1982.
Общая площад...",https://cdn.house.kg/house/images/7/3/2/7326fd5fdbb4326c05f3262ff939c529_240x180.jpg
"4-комн. кв., 78 м2, 5 этаж из 6",https://www.house.kg/details/113503361e7ade2df8483-11774248,$ 59 500,"Продается 4-х комнатная квартира в Джале 
2-х уровневая 
Площадь : 78м² .
Этажность : 5-6 из 6 .
Серия : Индивидуалка 
Санузла : 2 .
Коммуникаци...",https://cdn.house.kg/house/images/d/9/8/d987d199b1fcc797dab5a12ddfd89631_240x180.jpg
"1-комн. кв., 38 м2, 2 этаж из 12",https://www.house.kg/details/671808861e7a84e4bfaa9-52623319,$ 40 500,"Продается 1-на комнатная квартира .
Адрес : Токтоналиева 61 ( Душанбинка-Сухомлинова ) .
СК : ""KG Group"" 
Год постройки : 2015-й год .
Тип строени...",https://cdn.house.kg/house/images/8/0/3/80317de54dedb13ef69e00602e48f95d_240x180.jpg
"3-комн. кв., 130 м2, 3 этаж из 3",https://www.house.kg/details/727701861669940d0e526-39317988,$ 205 000,"Продается 3-х комнатная квартира в закрытом VIP городке в престижном районе!!! 
3-х комнатная квартира
Общая площадь квартиры 130 м2 
Квартира находит...",https://cdn.house.kg/house/images/d/b/a/dba72e7a48ab74cf468446ff0b112f01_240x180.jpg
"Участок, 6 соток",https://www.house.kg/details/592300561cb2eca634ea1-21060480,$ 55 000,"Срочно продаётся участок
6 сотых квадратной формы
Рабочий городок, переулок Таджикский
Красная книга
Все коммуникации 
Цена:$55000
Тел: 0556034544 070...",https://cdn.house.kg/house/images/5/d/2/5d24f8760f80433c3d58b549e0400a92_240x180.jpg
"3-комн. кв., 54 м2, 1 этаж из 4",https://www.house.kg/details/386909461cb1f0b189b81-12672431,$ 52 500,"Срочно продаю 3х комнатную квартиру в центре города
Токтогула//Манаса
(Табышалиева д51)

Серия - индивидуальный проект
Общая площадь -54м²
Коммуникаци...",https://cdn.house.kg/house/images/f/7/f/f7f5af159fc2e94686a789f6c5770c28_240x180.jpg
"Дом, 4-комн., 61 м2",https://www.house.kg/details/902022960699d43d48fb6-43035925,$ 46 000,"Дом кирпич. 4 ком. с ремонтом, уч. 5,4 сот, ул. Фучика/ул. Ленская, район школы № 54, ул. Сергея Лазо.
Улица широкая, асфальтированная, тихая.
Дом 6...",https://cdn.house.kg/house/images/a/5/e/a5e9a4fb9e29b683341caabfa84d7e10_240x180.jpg
"3-комн. кв., 68 м2, 8 этаж из 9",https://www.house.kg/details/669880261cb111d7daf04-60800997,$ 54 500,"Срочно продаётся 3-х комнатная квартира в 7мкр

Серия 105
Общая площадь 68
Этаж 8 из 9 (не угловая)
Тип строения панель
Коммуникации центральные...",https://cdn.house.kg/house/images/d/0/0/d00cf3daa214d3a6a47c165e6175fa6b_240x180.jpg
"4-комн. кв., 84 м2, 3 этаж из 3",https://www.house.kg/details/2637258608ab4e75d5100-65340487,$ 98 000,"4-x комнатная квартира в центре ул.Московская / ул.Исанова. Сталинка, 84м2. Качественный ремонт.

На 3 этаже в 3 этажном кирпичном доме, сталинка, 8...",https://cdn.house.kg/house/images/9/4/d/94da48879ba9870403a5e07776296156_240x180.jpg
"Коммерческая недвижимость, 169 м2",https://www.house.kg/details/4942675608ab2b6273108-66305299,$ 145 000,"Подвальное помещение, центр, пр.Чуй / ул.Турусбекова.

Общая площадь 169м2, полезная площадь 135м2: это 9 комнат + вентиляционная комната + туалетна...",https://cdn.house.kg/house/images/a/5/7/a578fe14fffd1c14011097b8e0f3bd1a_240x180.jpg
"Дом, 4-комн., 115 м2",https://www.house.kg/details/782416461cb0c0a1df1f2-85818793,$ 120 000,"Продаётся частный дом в южной части Города .
Адрес : Матросова - Суванбердиева .
Участок : 4,5 соток .
Тип строения : Кирпичный .
Комнат : 4 .
Площадь...",https://cdn.house.kg/house/images/e/b/b/ebbfac7a972eae53d32b2c038227cbc0_240x180.jpg
"3-комн. кв., 162 м2, 8 этаж из 12",https://www.house.kg/details/8998456616acc74517ec9-56628485,$ 195 000,"Продаю теплую 4-х кв 162 кв м. С мебелью и техникой. Заходи и живи! Находится рядом с Дворцом спорта по Тоголок Молдо 
8 этаж из 10 
СК RoyalConstract...",https://cdn.house.kg/house/images/2/b/d/2bdc19932c2903221ba264bfa586aa59_240x180.jpg
"4-комн. кв., 235 м2, 4 этаж из 4",https://www.house.kg/details/906221761b9f7a71ae815-71739705,$ 180 000,"Продается 4х комнатная квартира в клубном доме, все комнаты изолированы, на площадке всего 3 квартиры. пр. Мира / Манас Айылы. Рядом с посольством Укр...",https://cdn.house.kg/house/images/3/e/3/3e3a2fe10bfa53a917f0326be8812c51_240x180.jpg
"4-комн. кв., 153 м2, 10 этаж из 12",https://www.house.kg/details/628087761b9f413a03353-75197483,$ 130 050,"Продается 4 -х комнатная квартира под ПСО, Общая квадратура 153.5 м2. Дворец Спорта - Тоголок Молдо # Рыскулова. Дом введен в эксплуатацию в 2017, име...",https://cdn.house.kg/house/images/d/b/1/db16847913e2dbfa529f33db197d2b50_240x180.jpg
"Дом, 5-комн., 160 м2",https://www.house.kg/details/11916366166896ce054f6-07645555,$ 120 000,"Продается дом в южной части города !
Адрес: Чатыркульский переулок /Белорусская
Цена: $120 000 (10 176 000 сом)
Дом : кирпичный, 2003 г.
Кол-во этажей...",https://cdn.house.kg/house/images/5/9/0/590883f7ae2db210c3024e0615aa5294_240x180.jpg
"4-комн. кв., 140 м2, 2 этаж из 5",https://www.house.kg/details/987125761643109d1b8c4-93135480,$ 127 000,"Продаю 4х комнатную квартиру в районе Аламедин -1 
""Мичуринский квартал""

Год постройки - 2020.
Общая площадь - 140м2.
Этаж - 2/6
Документы - Техпаспо...",https://cdn.house.kg/house/images/1/5/b/15b3573efa6ac0b5185ba6cdfb93bc28_240x180.jpg
"Дом, 5-комн., 345 м2",https://www.house.kg/details/3469915615ed1186505d3-95278007,$ 390 000,"Продаю Дом в Европейском стиле и Элитной части города
Село Ортосай напротив Котеджного городка ""BRAVO""

Год постройки - 2015.
Общая площадь - 341м2.
К...",https://cdn.house.kg/house/images/7/8/d/78d0a2bd3696cf0446498a7943aee9b0_240x180.jpg
"3-комн. кв., 94 м2, 2 этаж из 9",https://www.house.kg/details/41885586098fab29ee794-42554514,$ 77 000,"Продаю 3х комнатную квартиру в Золотом квадрате
Манаса//Боконбаева

Год постройки - 2015.
Документы- техпаспорт на руках.
Количество жилых комнат - 3....",https://cdn.house.kg/house/images/a/9/e/a9e110e574bc1a5017b583bdabc3009c_240x180.jpg
"Коммерческая недвижимость, 350 м2",https://www.house.kg/details/461868860900ccce9c124-18255170,$ 260 000,"Продается 2-х этажная + цокольный этаж коммерческая недвижимость в центре города, общей площадью 350 кв.м. Находится на пересечении ул. Карасаева (быв...",https://cdn.house.kg/house/images/c/d/6/cd6765d55098df8c0f11858c9e5cd7e3_240x180.jpg
"Дом, 4-комн., 180 м2",https://www.house.kg/details/8061990607e75b8bde5e6-61214774,$ 275 000,"Продается уютный и просторный дом в 4-м мкр. по Каралаева вдоль речки.
Участок : 8 соток .
Тип строения : Кирпичный .
Год постройки : 2012 . 
Площадь ...",https://cdn.house.kg/house/images/3/6/1/361108f081db941345cb3b40ee5c7926_240x180.jpg
"4-комн. кв., 194 м2, 5 этаж из 10",https://www.house.kg/details/782677461483a12602416-40218579,$ 170 000,"Продаю 4х комнатную квартиру в районе Физприборов
ул. Байтик Баатыра (Советская), напротив здание Дастан, внизу Магазин шуб
 « Снежная Королева»

Год ...",https://cdn.house.kg/house/images/1/a/d/1ad0bb587b8f088188f3af9373023291_240x180.jpg
"5-комн. кв., 160 м2, 9 этаж из 10",https://www.house.kg/details/2774578614836b70ec605-68491354,$ 140 000,"Продаю 5 комнатную квартиру в Асанбае 
Количество комнат:  5
Адрес: парк Асанбай  
Застройщик СК «Олимп Строй»
Год постройки 2017
Серия: элит
Этаж:  9...",https://cdn.house.kg/house/images/5/1/9/519940f30553ccc5fbf24018a3de4b2e_240x180.jpg
"Дом, 6 и более комнат, 345 м2",https://www.house.kg/details/9563709613c85efbed587-30171787,$ 390 000,"Продаётся Особняк в Элитном районе .
Адрес : С. Орто-Сай , Рысмендиева / Лесхозная .
Участок : 9.5 соток ( квадратной формы).
Год постройки : 2004.
Ти...",https://cdn.house.kg/house/images/9/0/7/907fe2bb1f986fc727016d14a02d552e_240x180.jpg
"5-комн. кв., 121 м2, 2 этаж из 7",https://www.house.kg/details/4104397613b28b5ae6ab7-18524026,$ 109 000,"Продаю 5-ти комнатную квартиру в самом престижном районе города расположенную на пересечении бульвара Эркиндик и Токтогула!!!

Квартира находится на 2...",https://cdn.house.kg/house/images/1/3/9/139edd43a1e94bac05e8de54fdda9538_240x180.jpg
"5-комн. кв., 210 м2, 3 этаж из 3",https://www.house.kg/details/881256861727df0a16929-31708942,$ 595 000,"Продается 5 комнатный квартира на территории парка Ата турк

Дом - монолитный-кирпич
Этаж - 4 этаж из 4
Площадь - 210 м2
Отопление - автономный
Состоя...",https://cdn.house.kg/house/images/6/3/6/636c1e78c0b27ef671532bbd39ca6ad1_240x180.jpg
"4-комн. кв., 185 м2, 8 этаж из 13",https://www.house.kg/details/5766429617003ff3b2001-47862114,$ 380 000,"Продается 4 комнатный квартира ул.Орозбекова ул. Чокморова
 
СК - Имарат строй
ЖК - Версаль
Дом - монолитный-кирпич, 2016 г.
Этаж - 8 этаж из 13
Площа...",https://cdn.house.kg/house/images/4/f/9/4f975fe9db78f4008b356f95d22e4b6a_240x180.jpg
"3-комн. кв., 64 м2, 4 этаж из 5",https://www.house.kg/details/804197061eabc8d5f3e54-88763799,$ 51 500,"Срочно продаю 3-х к.квартиру по Суюмбаева/Чуй, 105 серия, 4 этаж из 5, не угловая. Окна на восток и запад. Лоджия с зала, возможность расширения. Лодж...",https://cdn.house.kg/house/images/3/a/a/3aa25c990682f25959ca48531fb34f25_240x180.jpg
"Дом, 5-комн., 90 м2",https://www.house.kg/details/355776560864a9966eb74-86244801,$ 39 000,"Продаю дом от ул. Советской 300 метров. 5 комнат,5  сот. Отопление газовое. Удобства в доме. Есть баня, гараж. Дом находится в районе Турбазы....",https://cdn.house.kg/house/images/0/4/c/04c95fe72582501e80f1a79d8eddb0b3_240x180.jpg
"Участок, 360 соток",https://www.house.kg/details/329572861f03b3696a928-96863101,$ 2 100,"Продаю земельный участок площадью 3.6 га с готовым проектом под зону отдыха и гостевого дома (есть АПУ, ИТУ и т.д.). ""Красная книга"". Арашан, выше сел...",https://cdn.house.kg/house/images/7/7/6/776314c648eda9fcccd079050bc043b4_240x180.jpg
"Участок, 18 соток",https://www.house.kg/details/398015561387801d2bc15-29533154,$ 450 000,"Срочно продаю дом в Киргизии 1 под ПСО 700м² дом стоит по Абдрахманова
Общая площадь участка 18 соток
Коммуникации все центральные есть только надо по...",https://cdn.house.kg/house/images/1/7/d/17de05166f803c68c712c0f19d80f4c7_240x180.jpg
"Коммерческая недвижимость, 1000 м2",https://www.house.kg/details/482037561309abb442623-85399984,$ 1 500 000,"Продается коммерческое здание с готовым бизнесом !
Адрес : Ул. Горького .
Участок : 9 соток .
Площадь : 1000м² .
Коммуникации : Центр. 
Документы : Кр...",https://cdn.house.kg/house/images/3/d/e/3de064b13c33c1bd4ea9343eca566204_240x180.jpg
"2-комн. кв., 78 м2, 1 этаж из 9",https://www.house.kg/details/616789618aa147391aa0-67656412,$ 52 500,"Продается  2 ком.кв+суш.106 улучшеная серия.Адрес: мкр.Улан-2, на 1м этаже ( фактически почти 2й этаж,снизу есть высокий цок.этаж). Центр.коммун, отоп...",https://cdn.house.kg/house/images/9/0/5/905bc04187318d1e4ba4e961b8e9f0ad_240x180.jpg
"Участок, 5 соток",https://www.house.kg/details/596034612a1225a0dfd5-07266012,$ 73 500,"Продается участок !
Адрес : Ул. Менделеева , в шаговой доступности рынок Мадина .
Участок : 4.6 соток .
Коммуникации : центр .
Цена : $80.000 
Тел  07...",https://cdn.house.kg/house/images/c/b/5/cb534ea971abf060ad664144c7d2c240_240x180.jpg
"Дом, 2-комн., 60 м2",https://www.house.kg/details/42896406184fc122421a2-44577259,$ 27 000,"Продаётся дом на участке 5.1 сотка.
Состояние: требует ремонта
на участке три отдельно стоящих здания: дом с 2 комнатами, Баня с тёплым санузлом, кухн...",https://cdn.house.kg/house/images/2/4/0/240bbdc6708cc22a446c434352b3d2c9_240x180.jpg
"Участок, 4 сотки",https://www.house.kg/details/898473061f038623b10e1-45759395,$ 16 500,"Восточный автовокзал Бишкек
цена: 16'500$.
Размер: 4 соток. 16х25. 
Участок ровный и квадратный.
Из коммуникации: Свет, Вода городская и артезианс...",https://cdn.house.kg/house/images/8/a/f/8af38537e6ed6610234de09ab6f78e3b_240x180.jpg
"Дом, 5-комн., 90 м2",https://www.house.kg/details/471436761cb41d520fdb5-72856668,$ 95 000,,https://cdn.house.kg/house/images/3/f/c/3fcdda75e3637704c666bce426bab12f_240x180.jpg
"Участок, 5 соток",https://www.house.kg/details/38521976127bcce0ebb16-26137899,$ 520 000,"Продаю Участок с действующим рынком по Первой линии 

Район - Аламедин -1 по ул. Ауэзова
Участок - 4.6сот. по факту 5.22
Документы - красная книга.
На...",https://cdn.house.kg/house/images/0/4/b/04ba3405692235a41e97999dd8a2704a_240x180.jpg
"Дом, 6 и более комнат, 397 м2",https://www.house.kg/details/3797613612762676cfc24-62710456,$ 794 000,"Продается шикарный дом в VIP городке Ала-Арча 2
Участок-10 соток
Дом кирпичный 2 этажа+ цокольное помещение.
Площадь дома-397м²
Год постройки дома-200...",https://cdn.house.kg/house/images/e/e/0/ee030a68d3a83cfb84980ad2e1404c44_240x180.jpg
"Участок, 8 соток",https://www.house.kg/details/809744061c8f5c67bdef3-78661672,$ 95 000,,https://cdn.house.kg/house/images/9/5/f/95f99e9a41d187395ef6ef122ce4559e_240x180.jpg
"Дом, 4-комн., 122 м2",https://www.house.kg/details/568227760990bcc574633-29710040,$ 130 000,"Продается 2-х уровневый дом по первой линии ! 
Адрес : Салиева 118А .
Участок : 5 соток .
Тип строения : кирпичный ( утеплённый ).
Год постройки : 201...",https://cdn.house.kg/house/images/a/e/b/aebdc3a3664900ff2bee38651a28c493_240x180.jpg
"Участок, 5 соток",https://www.house.kg/details/909982602e305978ccf5-98163303,$ 150 000,"Срочно продаётся дом по Жукеева-Пудовкина по первой линии
Участок 5 соток правильной формы  
Дом 4  комнат 84м² общей площадью жилья 60м²,под снос
Газ...",https://cdn.house.kg/house/images/e/8/5/e8503125f2af5ace397709ff141cb04f_240x180.jpg
"Участок, 5 соток",https://www.house.kg/details/2255690602dec448e5ab9-37898231,$ 150 000,"Срочно продаётся дом по Жукеева-Пудовкина по первой линии
Участок 5 соток правильной формы  
Дом 4  комнат 84м² общей площадью жилья 60м²,под снос
Газ...",https://cdn.house.kg/house/images/6/7/4/674608b53807fc6dd6f4f9f2f299a72c_240x180.jpg
